学籍番号,名前,IDm,入室時刻,出欠
S001,相道森,012E44A7A5187429,13:17:27.807378,出席
S003,浅井礼子,012E44A7A5152B9F,13:19:28.119493,出席
S008,石長佐久子,012E44A7A5154DAF,13:19:18.102937,出席
S009,泉川弘仁,012E44A7A51549A3,13:18:09.915682,出席
S011,市之瀬龍治,012E44A7A5156DA9,13:17:22.738800,出席
S017,恵島康道,012E44A7A515B97D,13:14:39.406904,出席
S019,江積幸廣,012E44A7A51581AB,13:19:58.179840,出席
S021,太田島映実,012E44A7A5159A7E,13:14:52.427573,出席
S027,小桐純孝,012E44A7A5188A23,13:15:16.472673,出席
S028,奥名浩佑,012E44A7A5152D87,13:17:40.854651,出席
S029,折原はな,012E44A7A5185F5A,13:16:22.622650,出席
S032,茅根信道,012E44A7A5189699,13:18:28.971309,出席
S037,清冨芳博,012E44A7A515B76D,13:17:09.714653,出席
S038,木和田英記,012E44A7A515B86F,13:17:55.868548,出席
S044,小橋川睦夫,012E44A7A512663E,13:18:15.931757,出席
S045,古明地宏人,012E44A7A5124687,13:18:38.999414,出席
S048,澤元詠一,012E44A7A518581E,13:18:36.989514,出席
S049,下川香,012E44A7A5186DA7,13:15:33.498322,出席
S052,末満泰治,012E44A7A511AE80,13:20:10.213198,出席
S056,田盛毅彦,012E44A7A5111D86,13:15:53.535175,出席
S057,田屋洋志,012E44A7A5127B45,13:19:34.136905,出席
S058,太矢浩将,012E44A7A5127497,13:18:03.900177,出席
S062,東山勇人,012E44A7A5158A31,13:16:11.600665,出席
S063,得永希予,012E44A7A5113FB6,13:19:40.151157,出席
S071,西垣内利秀,012E44A7A5129B45,13:14:38.383583,出席
S073,登祐平,012E44A7A511AC3F,13:16:53.687733,出席
S078,初山孝徳,012E44A7A5159E8F,13:18:21.954021,出席
S079,波頭直司,012E44A7A518269E,13:17:33.831080,出席
S080,花本圭祐,012E44A7A5184C7F,13:15:26.488722,出席
S081,菱泰章,012E44A7A5185260,13:19:11.082317,出席
S085,広文哉,012E44A7A51875B5,13:16:00.576683,出席
S087,村濱準二,012E44A7A518296D,13:17:57.881195,出席
S088,矢形具美,012E44A7A51869B3,13:16:28.647099,出席
S092,行田博彦,012E44A7A51586AF,13:16:31.669589,出席
S094,弓座義政,012E44A7A515207D,13:19:00.052749,出席
S095,吉中龍之介,012E44A7A5151E70,13:14:59.455673,出席
S097,吉広清悟,012E44A7A5125552,13:18:55.014558,出席
S098,吉光幸太,012E44A7A518BB99,13:18:59.037166,出席
S100,渡利雄祐,012E44A7A5112853,13:19:07.072057,出席
