学籍番号,名前,IDm,入室時刻,出欠
S001,相道森,012E44A7A5187429,10:48:29.275503,出席
S003,浅井礼子,012E44A7A5152B9F,00:00:00,欠席
S008,石長佐久子,012E44A7A5154DAF,00:00:00,欠席
S009,泉川弘仁,012E44A7A51549A3,00:00:00,欠席
S011,市之瀬龍治,012E44A7A5156DA9,12:12:40.332239,出席
S017,恵島康道,012E44A7A515B97D,00:00:00,欠席
S019,江積幸廣,012E44A7A51581AB,00:00:00,欠席
S021,太田島映実,012E44A7A5159A7E,00:00:00,欠席
S027,小桐純孝,012E44A7A5188A23,00:00:00,欠席
S028,奥名浩佑,012E44A7A5152D87,00:00:00,欠席
S029,折原はな,012E44A7A5185F5A,00:00:00,欠席
S032,茅根信道,012E44A7A5189699,00:00:00,欠席
S037,清冨芳博,012E44A7A515B76D,12:13:11.412496,出席
S038,木和田英記,012E44A7A515B86F,12:13:03.377697,出席
S044,小橋川睦夫,012E44A7A512663E,00:00:00,欠席
S045,古明地宏人,012E44A7A5124687,00:00:00,欠席
S048,澤元詠一,012E44A7A518581E,12:13:16.440867,出席
S049,下川香,012E44A7A5186DA7,00:00:00,欠席
S052,末満泰治,012E44A7A511AE80,00:00:00,欠席
S056,田盛毅彦,012E44A7A5111D86,12:12:28.275319,出席
S057,田屋洋志,012E44A7A5127B45,00:00:00,欠席
S058,太矢浩将,012E44A7A5127497,12:12:57.347424,出席
S062,東山勇人,012E44A7A5158A31,00:00:00,欠席
S063,得永希予,012E44A7A5113FB6,00:00:00,欠席
S071,西垣内利秀,012E44A7A5129B45,00:00:00,欠席
S073,登祐平,012E44A7A511AC3F,00:00:00,欠席
S078,初山孝徳,012E44A7A5159E8F,00:00:00,欠席
S079,波頭直司,012E44A7A518269E,00:00:00,欠席
S080,花本圭祐,012E44A7A5184C7F,00:00:00,欠席
S081,菱泰章,012E44A7A5185260,00:00:00,欠席
S085,広文哉,012E44A7A51875B5,00:00:00,欠席
S087,村濱準二,012E44A7A518296D,12:12:39.301769,出席
S088,矢形具美,012E44A7A51869B3,00:00:00,欠席
S092,行田博彦,012E44A7A51586AF,00:00:00,欠席
S094,弓座義政,012E44A7A515207D,00:00:00,欠席
S095,吉中龍之介,012E44A7A5151E70,00:00:00,欠席
S097,吉広清悟,012E44A7A5125552,00:00:00,欠席
S098,吉光幸太,012E44A7A518BB99,00:00:00,欠席
S100,渡利雄祐,012E44A7A5112853,00:00:00,欠席
