学籍番号,名前,IDm,入室時刻,出欠
S002,揚村巴絵,012E44A7A518527D,10:08:49.665358,出席
S004,荒松晴一,012E44A7A518807A,10:12:03.034986,出席
S007,池澄晃樹,012E44A7A5158B31,10:10:33.947036,出席
S010,礒田睦史,012E44A7A5126FBC,10:07:30.467498,出席
S011,市之瀬龍治,012E44A7A5156DA9,10:07:14.428690,出席
S012,井手窪克茂,012E44A7A51253C2,10:07:05.399438,出席
S014,入澤結香,012E44A7A5156A5A,10:06:34.305308,出席
S015,印公一,012E44A7A5117921,10:10:17.897817,出席
S016,浦松拓治,012E44A7A512676D,10:08:32.617360,出席
S021,太田島映実,012E44A7A5159A7E,10:06:22.248611,出席
S023,大野貴暁,012E44A7A5123C39,10:10:25.920326,出席
S027,小桐純孝,012E44A7A5188A23,10:06:57.348089,出席
S032,茅根信道,012E44A7A5189699,10:09:53.858456,出席
S035,貴下紗侑里,012E44A7A5187159,10:08:46.645461,出席
S036,木野大右,012E44A7A5185BA4,10:09:45.844305,出席
S043,古橋哲幸,012E44A7A5115950,10:09:42.817053,出席
S054,鷹取知也,012E44A7A515587D,10:06:12.220673,出席
S057,田屋洋志,012E44A7A5127B45,10:06:06.205797,出席
S058,太矢浩将,012E44A7A5127497,10:07:51.551176,出席
S060,鄭健一郎,012E44A7A515235C,10:07:49.516951,出席
S062,東山勇人,012E44A7A5158A31,10:06:13.237945,出席
S064,徳益榮,012E44A7A5154E78,10:06:32.294793,出席
S065,戸津崎礼央奈,012E44A7A515A494,10:06:46.325357,出席
S066,友藤竜治,012E44A7A5188758,10:08:13.575312,出席
S068,堂脇一志,012E44A7A5185054,10:09:21.779026,出席
S069,中妻潔志,012E44A7A5188329,10:09:39.794956,出席
S075,萩間敦大,012E44A7A5158231,10:06:58.378843,出席
S076,波佐間敬次,012E44A7A5157E58,10:07:34.503975,出席
S077,蓮池夕加里,012E44A7A5159335,10:06:29.268926,出席
S081,菱泰章,012E44A7A5185260,10:10:03.881676,出席
S082,日髙貴幸,012E44A7A518C560,10:10:57.005279,出席
S084,平野仰,012E44A7A51853A1,10:08:50.688488,出席
S088,矢形具美,012E44A7A51869B3,10:07:19.447692,出席
S089,八下田駿佑,012E44A7A51832AB,10:08:58.739196,出席
S092,行田博彦,012E44A7A51586AF,10:08:14.600854,出席
S095,吉中龍之介,012E44A7A5151E70,10:09:01.753466,出席
S096,吉馴典和,012E44A7A518A8B0,10:10:53.983327,出席
S099,与那豊茂,012E44A7A5188331,10:08:54.710100,出席
