学籍番号,名前,IDm,入室時刻,出欠
S002,揚村巴絵,012E44A7A518527D,02:01:50.897853,出席
S004,荒松晴一,012E44A7A518807A,01:15:51.496465,出席
S007,池澄晃樹,012E44A7A5158B31,00:00:00,欠席
S010,礒田睦史,012E44A7A5126FBC,02:02:06.998598,出席
S011,市之瀬龍治,012E44A7A5156DA9,00:00:00,欠席
S012,井手窪克茂,012E44A7A51253C2,02:01:10.699857,出席
S014,入澤結香,012E44A7A5156A5A,00:00:00,欠席
S015,印公一,012E44A7A5117921,00:00:00,欠席
S016,浦松拓治,012E44A7A512676D,02:01:20.717169,出席
S021,太田島映実,012E44A7A5159A7E,00:00:00,欠席
S023,大野貴暁,012E44A7A5123C39,02:02:09.032597,出席
S027,小桐純孝,012E44A7A5188A23,02:01:44.877799,出席
S032,茅根信道,012E44A7A5189699,01:15:28.472563,出席
S035,貴下紗侑里,012E44A7A5187159,02:01:09.668813,出席
S036,木野大右,012E44A7A5185BA4,02:01:36.794461,出席
S043,古橋哲幸,012E44A7A5115950,01:14:23.299187,出席
S054,鷹取知也,012E44A7A515587D,02:01:56.939701,出席
S057,田屋洋志,012E44A7A5127B45,01:15:14.435048,出席
S058,太矢浩将,012E44A7A5127497,02:01:21.742433,出席
S060,鄭健一郎,012E44A7A515235C,02:01:42.837964,出席
S062,東山勇人,012E44A7A5158A31,02:01:37.812424,出席
S064,徳益榮,012E44A7A5154E78,02:02:08.017929,出席
S065,戸津崎礼央奈,012E44A7A515A494,01:14:41.372096,出席
S066,友藤竜治,012E44A7A5188758,01:14:58.409128,出席
S068,堂脇一志,012E44A7A5185054,00:00:00,欠席
S069,中妻潔志,012E44A7A5188329,00:00:00,欠席
S075,萩間敦大,012E44A7A5158231,00:00:00,欠席
S076,波佐間敬次,012E44A7A5157E58,02:01:54.925463,出席
S077,蓮池夕加里,012E44A7A5159335,00:00:00,欠席
S081,菱泰章,012E44A7A5185260,02:02:04.956571,出席
S082,日髙貴幸,012E44A7A518C560,00:00:00,欠席
S084,平野仰,012E44A7A51853A1,00:00:00,欠席
S088,矢形具美,012E44A7A51869B3,01:16:00.513608,出席
S089,八下田駿佑,012E44A7A51832AB,02:01:52.910641,出席
S092,行田博彦,012E44A7A51586AF,00:00:00,欠席
S095,吉中龍之介,012E44A7A5151E70,01:16:10.532515,出席
S096,吉馴典和,012E44A7A518A8B0,00:00:00,欠席
S099,与那豊茂,012E44A7A5188331,02:01:22.770470,出席
