学籍番号,名前,IDm,入室時刻,出欠
S002,揚村巴絵,012E44A7A518527D,14:59:30.741650,出席
S004,荒松晴一,012E44A7A518807A,14:59:40.756443,出席
S007,池澄晃樹,012E44A7A5158B31,22:59:50.327233,欠席
S010,礒田睦史,012E44A7A5126FBC,23:48:30.698902,欠席
S011,市之瀬龍治,012E44A7A5156DA9,23:00:07.372320,欠席
S012,井手窪克茂,012E44A7A51253C2,15:00:41.945215,出席
S014,入澤結香,012E44A7A5156A5A,23:48:17.636435,欠席
S015,印公一,012E44A7A5117921,23:48:16.620396,欠席
S016,浦松拓治,012E44A7A512676D,23:00:02.351382,欠席
S021,太田島映実,012E44A7A5159A7E,23:47:23.497845,欠席
S023,大野貴暁,012E44A7A5123C39,15:02:53.233243,出席
S027,小桐純孝,012E44A7A5188A23,23:48:06.600359,欠席
S032,茅根信道,012E44A7A5189699,23:24:15.438540,欠席
S035,貴下紗侑里,012E44A7A5187159,22:59:52.333390,欠席
S036,木野大右,012E44A7A5185BA4,15:00:08.856853,出席
S043,古橋哲幸,012E44A7A5115950,15:01:46.096949,出席
S054,鷹取知也,012E44A7A515587D,15:01:26.073040,出席
S057,田屋洋志,012E44A7A5127B45,15:01:59.156052,出席
S058,太矢浩将,012E44A7A5127497,15:03:09.281333,出席
S060,鄭健一郎,012E44A7A515235C,23:47:35.533560,欠席
S062,東山勇人,012E44A7A5158A31,15:01:14.036621,出席
S064,徳益榮,012E44A7A5154E78,15:02:30.208854,出席
S065,戸津崎礼央奈,012E44A7A515A494,23:48:00.590399,欠席
S066,友藤竜治,012E44A7A5188758,15:03:42.409933,出席
S068,堂脇一志,012E44A7A5185054,23:48:21.660026,欠席
S069,中妻潔志,012E44A7A5188329,15:00:04.845840,出席
S075,萩間敦大,012E44A7A5158231,15:03:23.327068,出席
S076,波佐間敬次,012E44A7A5157E58,23:48:39.713748,欠席
S077,蓮池夕加里,012E44A7A5159335,23:47:41.556874,欠席
S081,菱泰章,012E44A7A5185260,20:52:53.262418,欠席
S082,日髙貴幸,012E44A7A518C560,23:47:08.484544,欠席
S084,平野仰,012E44A7A51853A1,23:47:24.515631,欠席
S088,矢形具美,012E44A7A51869B3,15:01:53.121767,出席
S089,八下田駿佑,012E44A7A51832AB,15:03:33.381417,出席
S092,行田博彦,012E44A7A51586AF,15:00:45.962371,出席
S095,吉中龍之介,012E44A7A5151E70,20:52:58.276040,欠席
S096,吉馴典和,012E44A7A518A8B0,14:59:16.703228,出席
S099,与那豊茂,012E44A7A5188331,23:47:47.580399,欠席
